{
  "accuracy": 0.808,
  "precision_churn": 0.5891472868217055,
  "recall_churn": 0.18673218673218672,
  "f1_churn": 0.2835820895522388,
  "roc_auc": 0.7747778595236222,
  "cross_val_mean": 0.31690726646671036
}